Workbook

Sheet data
A1: type | B1: name | C1: site | D1: longitude | E1: latitude | F1: poskey.benthos | G1: poskey.sediment | H1: picture | I1: habitat | J1: seagrassA | K1: seagrassB | L1: sorting lab | M1: seagrass.cover.Laurant | N1: spectral camera | O1: remark
A2: grid | B2: RG 25 | C2: rewilded | D2: -8.6904504 | E2: 40.672106 | F2: 2025001 | G2: 2025048 | H2: P7150059 | I2: algae | J2: =VLOOKUP($F2,'seagrass biomass'!$G:$L,2,FALSE) -> 0 | K2: =VLOOKUP($F2,'seagrass biomass'!$G:$L,3,FALSE) -> 0 | L2: aveiro
A3: random | B3: RR 47 | C3: rewilded | D3: -8.6905032 | E3: 40.67236 | F3: 2025002 | G3: 2025043 | H3: P7150061 | I3: seagrass | J3: =VLOOKUP($F3,'seagrass biomass'!$G:$L,2,FALSE) -> 0 | K3: =VLOOKUP($F3,'seagrass biomass'!$G:$L,3,FALSE) -> 0 | L3: aveiro
A4: grid | B4: RG 17 | C4: rewilded | D4: -8.6909023 | E4: 40.672397 | F4: 2025003 | G4: 2025047 | H4: P7150062 | I4: seagrass | J4: =VLOOKUP($F4,'seagrass biomass'!$G:$L,2,FALSE) -> 315 | K4: =VLOOKUP($F4,'seagrass biomass'!$G:$L,3,FALSE) -> 250 | L4: aveiro | M4: no | N4: no
A5: grid | B5: RG 9 | C5: rewilded | D5: -8.6913541 | E5: 40.672687 | F5: 2025004 | G5: 2025041 | H5: P7150063 | I5: seagrass | J5: =VLOOKUP($F5,'seagrass biomass'!$G:$L,2,FALSE) -> 42 | K5: =VLOOKUP($F5,'seagrass biomass'!$G:$L,3,FALSE) -> 141 | L5: aveiro
A6: grid | B6: RG 1 | C6: rewilded | D6: -8.691806 | E6: 40.672978 | F6: 2025005 | G6: 2025050 | H6: P7150065 | I6: seagrass | J6: =VLOOKUP($F6,'seagrass biomass'!$G:$L,2,FALSE) -> 2222 | K6: =VLOOKUP($F6,'seagrass biomass'!$G:$L,3,FALSE) -> 939 | L6: aveiro
A7: grid | B7: RG 2 | C7: rewilded | D7: -8.6914241 | E7: 40.673322 | F7: 2025006 | G7: 2025059 | H7: P7150066 | I7: bare | J7: =VLOOKUP($F7,'seagrass biomass'!$G:$L,2,FALSE) -> 17 | K7: =VLOOKUP($F7,'seagrass biomass'!$G:$L,3,FALSE) -> 0 | L7: aveiro
A8: grid | B8: RG 10 | C8: rewilded | D8: -8.6909723 | E8: 40.673031 | F8: 2025007 | G8: 2025056 | H8: P7150067 | I8: algae | J8: =VLOOKUP($F8,'seagrass biomass'!$G:$L,2,FALSE) -> 0 | K8: =VLOOKUP($F8,'seagrass biomass'!$G:$L,3,FALSE) -> 0 | L8: aveiro
A9: random | B9: RR 41 | C9: rewilded | D9: -8.6906446 | E9: 40.672994 | F9: 2025008 | G9: 2025060 | H9: P7150068 | I9: seagrass | J9: =VLOOKUP($F9,'seagrass biomass'!$G:$L,2,FALSE) -> 2418 | K9: =VLOOKUP($F9,'seagrass biomass'!$G:$L,3,FALSE) -> 1706 | L9: aveiro
A10: random | B10: RR 40 | C10: rewilded | D10: -8.6908498 | E10: 40.672778 | F10: 2025009 | G10: 2025045 | H10: P7150069 | I10: seagrass | J10: =VLOOKUP($F10,'seagrass biomass'!$G:$L,2,FALSE) -> 1377 | K10: =VLOOKUP($F10,'seagrass biomass'!$G:$L,3,FALSE) -> 1864 | L10: aveiro
A11: grid | B11: RG 18 | C11: rewilded | D11: -8.6905204 | E11: 40.672741 | F11: 2025010 | G11: 2025049 | H11: P7150070 | I11: seagrass | J11: =VLOOKUP($F11,'seagrass biomass'!$G:$L,2,FALSE) -> 2797 | K11: =VLOOKUP($F11,'seagrass biomass'!$G:$L,3,FALSE) -> 1048 | L11: aveiro
A12: random | B12: RR 48 | C12: rewilded | D12: -8.6902337 | E12: 40.672737 | F12: 2025011 | G12: 2025042 | H12: P7150071 | I12: seagrass | J12: =VLOOKUP($F12,'seagrass biomass'!$G:$L,2,FALSE) -> 3628 | K12: =VLOOKUP($F12,'seagrass biomass'!$G:$L,3,FALSE) -> 977 | L12: aveiro
A13: random | B13: RR 49 | C13: rewilded | D13: -8.6897936 | E13: 40.67296 | F13: 2025012 | G13: 2025054 | H13: P7150072 | I13: bare | J13: =VLOOKUP($F13,'seagrass biomass'!$G:$L,2,FALSE) -> 0 | K13: =VLOOKUP($F13,'seagrass biomass'!$G:$L,3,FALSE) -> 0 | L13: aveiro
A14: grid | B14: RG 19 | C14: rewilded | D14: -8.6901386 | E14: 40.673085 | F14: 2025013 | G14: 2025046 | H14: P7150073 | I14: seagrass | J14: =VLOOKUP($F14,'seagrass biomass'!$G:$L,2,FALSE) -> 1701 | K14: =VLOOKUP($F14,'seagrass biomass'!$G:$L,3,FALSE) -> 1821 | L14: aveiro
A15: grid | B15: RG 11 | C15: rewilded | D15: -8.6905904 | E15: 40.673375 | F15: 2025014 | G15: 2025051 | H15: P7150074 | I15: algae | J15: =VLOOKUP($F15,'seagrass biomass'!$G:$L,2,FALSE) -> 0 | K15: =VLOOKUP($F15,'seagrass biomass'!$G:$L,3,FALSE) -> 0 | L15: aveiro
A16: random | B16: RR 34 | C16: rewilded | D16: -8.6906575 | E16: 40.67332 | F16: 2025015 | G16: 2025053 | H16: P7150075 | I16: algae | J16: =VLOOKUP($F16,'seagrass biomass'!$G:$L,2,FALSE) -> 31 | K16: =VLOOKUP($F16,'seagrass biomass'!$G:$L,3,FALSE) -> 189 | L16: aveiro
A17: grid | B17: RG 3 | C17: rewilded | D17: -8.6910423 | E17: 40.673666 | F17: 2025016 | G17: 2025044 | H17: P7150076 | I17: seagrass | J17: =VLOOKUP($F17,'seagrass biomass'!$G:$L,2,FALSE) -> 871 | K17: =VLOOKUP($F17,'seagrass biomass'!$G:$L,3,FALSE) -> 401 | L17: aveiro | O17: edge bare and seagrass
A18: grid | B18: RG 4 | C18: rewilded | D18: -8.6906604 | E18: 40.67401 | F18: 2025017 | G18: 2025055 | H18: P7150077 | I18: seagrass | J18: =VLOOKUP($F18,'seagrass biomass'!$G:$L,2,FALSE) -> 994 | K18: =VLOOKUP($F18,'seagrass biomass'!$G:$L,3,FALSE) -> 343 | L18: aveiro
A19: random | B19: RR 35 | C19: rewilded | D19: -8.6905265 | E19: 40.673644 | F19: 2025018 | G19: 20250? | H19: P7150078 | I19: seagrass | J19: =VLOOKUP($F19,'seagrass biomass'!$G:$L,2,FALSE) -> 2523 | K19: =VLOOKUP($F19,'seagrass biomass'!$G:$L,3,FALSE) -> 1219 | L19: aveiro
A20: grid | B20: RG 12 | C20: rewilded | D20: -8.6902085 | E20: 40.673719 | F20: 2025019 | G20: 2025052 | H20: Laurant | I20: seagrass | J20: =VLOOKUP($F20,'seagrass biomass'!$G:$L,2,FALSE) -> 2695 | K20: =VLOOKUP($F20,'seagrass biomass'!$G:$L,3,FALSE) -> 1160 | L20: aveiro | M20: 96 | N20: AVE0-AVE20 | O20: info spectral cam notes Laurant
A21: grid | B21: RG 21 | C21: rewilded | D21: -8.6893748 | E21: 40.673773 | F21: 2025020 | G21: 2025061 | H21: P7150079 | I21: bare | J21: =VLOOKUP($F21,'seagrass biomass'!$G:$L,2,FALSE) -> 0 | K21: =VLOOKUP($F21,'seagrass biomass'!$G:$L,3,FALSE) -> 0 | L21: aveiro
A22: random | B22: RR 43 | C22: rewilded | D22: -8.6895451 | E22: 40.673856 | F22: 2025021 | G22: 2025057 | H22: P7150080 | I22: seagrass | J22: =VLOOKUP($F22,'seagrass biomass'!$G:$L,2,FALSE) -> 933 | K22: =VLOOKUP($F22,'seagrass biomass'!$G:$L,3,FALSE) -> 750 | L22: aveiro
A23: random | B23: RR 44 | C23: rewilded | D23: -8.6896032 | E23: 40.674076 | F23: 2025022 | G23: 2025072 | H23: P7150081 | I23: algae | J23: =VLOOKUP($F23,'seagrass biomass'!$G:$L,2,FALSE) -> 85 | K23: =VLOOKUP($F23,'seagrass biomass'!$G:$L,3,FALSE) -> 719 | L23: aveiro
A24: grid | B24: RG 13 | C24: rewilded | D24: -8.6898267 | E24: 40.674063 | F24: 2025023 | G24: 2025075 | H24: P7150082 | I24: seagrass | J24: =VLOOKUP($F24,'seagrass biomass'!$G:$L,2,FALSE) -> 2790 | K24: =VLOOKUP($F24,'seagrass biomass'!$G:$L,3,FALSE) -> 888 | L24: aveiro | M24: 100 | N24: A1-A20
A25: random | B25: RR 36 | C25: rewilded | D25: -8.6902026 | E25: 40.674295 | F25: 2025024 | G25: 2025080 | H25: P7150083 | I25: seagrass | J25: =VLOOKUP($F25,'seagrass biomass'!$G:$L,2,FALSE) -> 2113 | K25: =VLOOKUP($F25,'seagrass biomass'!$G:$L,3,FALSE) -> 675 | L25: aveiro | M25: 100 | N25: AVE21-AVE40
A26: grid | B26: RG 5 | C26: rewilded | D26: -8.6902785 | E26: 40.674354 | F26: 2025025 | G26: 2025052? | H26: P7150084 | I26: seagrass | J26: =VLOOKUP($F26,'seagrass biomass'!$G:$L,2,FALSE) -> 2171 | K26: =VLOOKUP($F26,'seagrass biomass'!$G:$L,3,FALSE) -> 933 | L26: aveiro | M26: 100 | N26: AVE41-AVE60
A27: grid | B27: RG 6 | C27: rewilded | D27: -8.6898967 | E27: 40.674698 | F27: 2025026 | G27: 2025070 | H27: P7150085 | I27: bare | J27: =VLOOKUP($F27,'seagrass biomass'!$G:$L,2,FALSE) -> 0 | K27: =VLOOKUP($F27,'seagrass biomass'!$G:$L,3,FALSE) -> 0 | L27: aveiro | M27: 0 | N27: A21-A40
A28: random | B28: RR 37 | C28: rewilded | D28: -8.6895364 | E28: 40.674448 | F28: 2025027 | G28: 2025073 | H28: P7150086 | I28: algae | J28: =VLOOKUP($F28,'seagrass biomass'!$G:$L,2,FALSE) -> 39 | K28: =VLOOKUP($F28,'seagrass biomass'!$G:$L,3,FALSE) -> 161 | L28: aveiro
A29: grid | B29: RG 14 | C29: rewilded | D29: -8.6894448 | E29: 40.674407 | F29: 2025028 | G29: 2025063 | H29: P7150087 | I29: seagrass | J29: =VLOOKUP($F29,'seagrass biomass'!$G:$L,2,FALSE) -> 2715 | K29: =VLOOKUP($F29,'seagrass biomass'!$G:$L,3,FALSE) -> 1696 | L29: aveiro
A30: random | B30: RR 45 | C30: rewilded | D30: -8.6891629 | E30: 40.674483 | F30: 2025029 | G30: 2025079 | H30: P7150088 | I30: seagrass | J30: =VLOOKUP($F30,'seagrass biomass'!$G:$L,2,FALSE) -> 1294 | K30: =VLOOKUP($F30,'seagrass biomass'!$G:$L,3,FALSE) -> 454 | L30: aveiro | M30: 25 | N30: A161-A180
A31: grid | B31: RG 22 | C31: rewilded | D31: -8.6889929 | E31: 40.674117 | F31: 2025030 | G31: 2025078 | H31: P7150089 | I31: bare | J31: =VLOOKUP($F31,'seagrass biomass'!$G:$L,2,FALSE) -> 228 | K31: =VLOOKUP($F31,'seagrass biomass'!$G:$L,3,FALSE) -> 191 | L31: aveiro | M31: 50 | N31: A181-A200
A32: random | B32: RR 51 | C32: rewilded | D32: -8.6890769 | E32: 40.673988 | F32: 2025031 | G32: 2025074 | H32: P7150090 | I32: bare | J32: =VLOOKUP($F32,'seagrass biomass'!$G:$L,2,FALSE) -> 0 | K32: =VLOOKUP($F32,'seagrass biomass'!$G:$L,3,FALSE) -> 0 | L32: aveiro
A33: random | B33: RR 52 | C33: rewilded | D33: -8.6882517 | E33: 40.674107 | F33: 2025032 | G33: 2025066 | H33: P7150091 | I33: bare | J33: =VLOOKUP($F33,'seagrass biomass'!$G:$L,2,FALSE) -> 0 | K33: =VLOOKUP($F33,'seagrass biomass'!$G:$L,3,FALSE) -> 0 | L33: aveiro
A34: grid | B34: RG 31 | C34: rewilded | D34: -8.6881592 | E34: 40.67417 | F34: 2025033 | G34: 2025071 | H34: P7160092 | I34: bare | J34: =VLOOKUP($F34,'seagrass biomass'!$G:$L,2,FALSE) -> 0 | K34: =VLOOKUP($F34,'seagrass biomass'!$G:$L,3,FALSE) -> 0 | L34: aveiro
A35: grid | B35: RG 23 | C35: rewilded | D35: -8.6886111 | E35: 40.674461 | F35: 2025034 | G35: 2025110 | H35: P7160093 | I35: bare | J35: =VLOOKUP($F35,'seagrass biomass'!$G:$L,2,FALSE) -> 0 | K35: =VLOOKUP($F35,'seagrass biomass'!$G:$L,3,FALSE) -> 0 | L35: aveiro | M35: 0 | N35: A141-A160
A36: random | B36: RR 46 | C36: rewilded | D36: -8.6887206 | E36: 40.674762 | F36: 2025035 | G36: 2025100 | H36: P7160094 | I36: seagrass | J36: =VLOOKUP($F36,'seagrass biomass'!$G:$L,2,FALSE) -> 206.02 | K36: =VLOOKUP($F36,'seagrass biomass'!$G:$L,3,FALSE) -> 212.4 | L36: aveiro | M36: 40 | N36: A101-A120
A37: grid | B37: RG 16 | C37: rewilded | D37: -8.688681 | E37: 40.675095 | F37: 2025036 | G37: 2025096 | H37: P7160095 | I37: seagrass | J37: =VLOOKUP($F37,'seagrass biomass'!$G:$L,2,FALSE) -> 645 | K37: =VLOOKUP($F37,'seagrass biomass'!$G:$L,3,FALSE) -> 607 | L37: aveiro | M37: 50 | N37: A121-A140
A38: grid | B38: RG 15 | C38: rewilded | D38: -8.6890629 | E38: 40.674751 | F38: 2025037 | G38: 2025095 | H38: P7160096 | I38: seagrass | J38: =VLOOKUP($F38,'seagrass biomass'!$G:$L,2,FALSE) -> 1871 | K38: =VLOOKUP($F38,'seagrass biomass'!$G:$L,3,FALSE) -> 1585 | L38: aveiro
A39: random | B39: RR 38 | C39: rewilded | D39: -8.6893755 | E39: 40.674802 | F39: 2025038 | G39: 2025062 | H39: P7160102 | I39: seagrass | J39: =VLOOKUP($F39,'seagrass biomass'!$G:$L,2,FALSE) -> 1642 | K39: =VLOOKUP($F39,'seagrass biomass'!$G:$L,3,FALSE) -> 1381 | L39: aveiro
A40: grid | B40: RG 7 | C40: rewilded | D40: -8.6895148 | E40: 40.675042 | F40: 2025039 | G40: 20250? | H40: P7160103 | I40: bare | J40: =VLOOKUP($F40,'seagrass biomass'!$G:$L,2,FALSE) -> 0 | K40: =VLOOKUP($F40,'seagrass biomass'!$G:$L,3,FALSE) -> 0 | L40: aveiro | M40: 0 | N40: A41-A60
A41: grid | B41: RG 8 | C41: rewilded | D41: -8.6891329 | E41: 40.675386 | F41: 2025040 | G41: 2025107 | H41: P7160104 | I41: bare | J41: =VLOOKUP($F41,'seagrass biomass'!$G:$L,2,FALSE) -> 0 | K41: =VLOOKUP($F41,'seagrass biomass'!$G:$L,3,FALSE) -> 0 | L41: aveiro | M41: 0 | N41: A61-A80
A42: random | B42: RR 39 | C42: rewilded | D42: -8.6889637 | E42: 40.674983 | F42: 2025081 | G42: 2025077 | H42: P7160112 | I42: seagrass | J42: =VLOOKUP($F42,'seagrass biomass'!$G:$L,2,FALSE) -> 2745 | K42: =VLOOKUP($F42,'seagrass biomass'!$G:$L,3,FALSE) -> 1244 | L42: aveiro
A43: grid | B43: RG 24 | C43: rewilded | D43: -8.6882292 | E43: 40.674805 | F43: 2025082 | G43: 2025108 | H43: P7160113 | I43: seagrass | J43: =VLOOKUP($F43,'seagrass biomass'!$G:$L,2,FALSE) -> 400 | K43: =VLOOKUP($F43,'seagrass biomass'!$G:$L,3,FALSE) -> 338 | L43: aveiro
A44: grid | B44: NG 28 | C44: natural | D44: -8.6786166 | E44: 40.693745 | F44: 2025083 | G44: 2025182 | H44: P7170125 | I44: seagrass | J44: =VLOOKUP($F44,'seagrass biomass'!$G:$L,2,FALSE) -> 717 | K44: =VLOOKUP($F44,'seagrass biomass'!$G:$L,3,FALSE) -> 835 | L44: =VLOOKUP($F44,'seagrass biomass'!C:F,4,FALSE) -> NIOZ lab
A45: random | B45: NR 53 | C45: natural | D45: -8.6785834 | E45: 40.693313 | F45: 2025084 | G45: 2025171 | H45: P7170126 | I45: seagrass | J45: =VLOOKUP($F45,'seagrass biomass'!$G:$L,2,FALSE) -> 1514 | K45: =VLOOKUP($F45,'seagrass biomass'!$G:$L,3,FALSE) -> 556 | L45: aveiro
A46: grid | B46: NG 27 | C46: natural | D46: -8.678821 | E46: 40.693322 | F46: 2025085 | G46: 2025176 | H46: P7170127 | I46: seagrass | J46: =VLOOKUP($F46,'seagrass biomass'!$G:$L,2,FALSE) -> 2566 | K46: =VLOOKUP($F46,'seagrass biomass'!$G:$L,3,FALSE) -> 1512 | L46: aveiro
A47: grid | B47: NG 26 | C47: natural | D47: -8.6790255 | E47: 40.692899 | F47: 2025086 | G47: 2025170 | H47: P7170128 | I47: seagrass | J47: =VLOOKUP($F47,'seagrass biomass'!$G:$L,2,FALSE) -> 3538 | K47: =VLOOKUP($F47,'seagrass biomass'!$G:$L,3,FALSE) -> 2263 | L47: aveiro
A48: random | B48: NR 51 | C48: natural | D48: -8.6787625 | E48: 40.692556 | F48: 2025087 | G48: 2025162 | H48: P7170129 | I48: seagrass | J48: =VLOOKUP($F48,'seagrass biomass'!$G:$L,2,FALSE) -> 1780 | K48: =VLOOKUP($F48,'seagrass biomass'!$G:$L,3,FALSE) -> 1728 | L48: aveiro
A49: random | B49: NR 48 | C49: natural | D49: -8.6793082 | E49: 40.69293 | F49: 2025088 | G49: 2025166 | H49: P7170152 | I49: seagrass | J49: =VLOOKUP($F49,'seagrass biomass'!$G:$L,2,FALSE) -> 3113 | K49: =VLOOKUP($F49,'seagrass biomass'!$G:$L,3,FALSE) -> 899 | L49: aveiro
A50: grid | B50: NG 21 | C50: natural | D50: -8.6797852 | E50: 40.692632 | F50: 2025089 | G50: 2025172 | H50: P7170153 | I50: seagrass | J50: =VLOOKUP($F50,'seagrass biomass'!$G:$L,2,FALSE) -> 857 | K50: =VLOOKUP($F50,'seagrass biomass'!$G:$L,3,FALSE) -> 705 | L50: aveiro | O50: gesampled door Loran, door Jim gemarkeerd als marsh (verwarring bij wisseling van teams)
A51: grid | B51: NG 17 | C51: natural | D51: -8.6803406 | E51: 40.692788 | F51: 2025090 | G51: 2025164 | H51: P7170154 | I51: seagrass | J51: =VLOOKUP($F51,'seagrass biomass'!$G:$L,2,FALSE) -> 1103 | K51: =VLOOKUP($F51,'seagrass biomass'!$G:$L,3,FALSE) -> 813 | L51: =VLOOKUP($F51,'seagrass biomass'!C:F,4,FALSE) -> NIOZ lab
A52: random | B52: NR 45 | C52: natural | D52: -8.6796998 | E52: 40.692914 | F52: 2025091 | G52: 2025163 | H52: P7170155 | I52: seagrass | J52: =VLOOKUP($F52,'seagrass biomass'!$G:$L,2,FALSE) -> 1230 | K52: =VLOOKUP($F52,'seagrass biomass'!$G:$L,3,FALSE) -> 990 | L52: aveiro
A53: grid | B53: NG 22 | C53: natural | D53: -8.6795808 | E53: 40.693055 | F53: 2025092 | G53: 2025168 | H53: P7170156 | I53: seagrass | J53: =VLOOKUP($F53,'seagrass biomass'!$G:$L,2,FALSE) -> 992 | K53: =VLOOKUP($F53,'seagrass biomass'!$G:$L,3,FALSE) -> 377 | L53: aveiro
A54: random | B54: NR 46 | C54: natural | D54: -8.6795724 | E54: 40.693251 | F54: 2025093 | G54: 2025184 | H54: P7170157 | I54: seagrass | J54: =VLOOKUP($F54,'seagrass biomass'!$G:$L,2,FALSE) -> 1076 | K54: =VLOOKUP($F54,'seagrass biomass'!$G:$L,3,FALSE) -> 803 | L54: aveiro
A55: grid | B55: NG 23 | C55: natural | D55: -8.6793764 | E55: 40.693477 | F55: 2025111 | G55: 2025177 | H55: P7170159 | I55: seagrass | J55: =VLOOKUP($F55,'seagrass biomass'!$G:$L,2,FALSE) -> 1483 | K55: =VLOOKUP($F55,'seagrass biomass'!$G:$L,3,FALSE) -> 770 | L55: =VLOOKUP($F55,'seagrass biomass'!C:F,4,FALSE) -> NIOZ lab
A56: random | B56: NR 47 | C56: natural | D56: -8.6795002 | E56: 40.693607 | F56: 2025112 | G56: 2025169 | H56: P7170160 | I56: seagrass | J56: =VLOOKUP($F56,'seagrass biomass'!$G:$L,2,FALSE) -> 718 | K56: =VLOOKUP($F56,'seagrass biomass'!$G:$L,3,FALSE) -> 512 | L56: =VLOOKUP($F56,'seagrass biomass'!C:F,4,FALSE) -> NIOZ lab
A57: grid | B57: NG 24 | C57: natural | D57: -8.679172 | E57: 40.6939 | F57: 2025113 | G57: 2025178 | H57: P7170161 | I57: seagrass | J57: =VLOOKUP($F57,'seagrass biomass'!$G:$L,2,FALSE) -> 1876 | K57: =VLOOKUP($F57,'seagrass biomass'!$G:$L,3,FALSE) -> 608 | L57: aveiro
A58: grid | B58: NG 32 | C58: natural | D58: -8.6780613 | E58: 40.693589 | F58: 2025114 | G58: 2025179 | H58: P7170164 | I58: bare | J58: =VLOOKUP($F58,'seagrass biomass'!$G:$L,2,FALSE) -> 0 | K58: =VLOOKUP($F58,'seagrass biomass'!$G:$L,3,FALSE) -> 0 | L58: aveiro | M58: 0 | N58: AVEI2 201-220 | O58: sandy
A59: grid | B59: NG 20 | C59: natural | D59: -8.6797273 | E59: 40.694056 | F59: 2025115 | G59: 2025183 | H59: P7170170 | I59: seagrass | J59: =VLOOKUP($F59,'seagrass biomass'!$G:$L,2,FALSE) -> 3975.8 | K59: =VLOOKUP($F59,'seagrass biomass'!$G:$L,3,FALSE) -> 2080 | L59: aveiro
A60: grid | B60: NG 19 | C60: natural | D60: -8.6799317 | E60: 40.693633 | F60: 2025116 | G60: 2025181 | H60: P7170171 | I60: seagrass | J60: =VLOOKUP($F60,'seagrass biomass'!$G:$L,2,FALSE) -> 3531 | K60: =VLOOKUP($F60,'seagrass biomass'!$G:$L,3,FALSE) -> 2364 | L60: aveiro
A61: random | B61: NR 43 | C61: natural | D61: -8.6802481 | E61: 40.693315 | F61: 2025117 | G61: 2025165 | H61: P7170172 | I61: seagrass | J61: =VLOOKUP($F61,'seagrass biomass'!$G:$L,2,FALSE) -> 750 | K61: =VLOOKUP($F61,'seagrass biomass'!$G:$L,3,FALSE) -> 345 | L61: aveiro | M61: 100 | N61: AVEI2 361-380
A62: grid | B62: NG 18 | C62: natural | D62: -8.6801362 | E62: 40.69321 | F62: 2025118 | G62: 2025185 | H62: P7170173 | I62: seagrass | J62: =VLOOKUP($F62,'seagrass biomass'!$G:$L,2,FALSE) -> 1378 | K62: =VLOOKUP($F62,'seagrass biomass'!$G:$L,3,FALSE) -> 929 | L62: =VLOOKUP($F62,'seagrass biomass'!C:F,4,FALSE) -> NIOZ lab | M62: 100 | N62: AVEI2 301-320
A63: grid | B63: NG 25 | C63: natural | D63: -8.6792299 | E63: 40.692476 | F63: 2025119 | G63: 2025180 | H63: P7170169 | I63: seagrass | J63: =VLOOKUP($F63,'seagrass biomass'!$G:$L,2,FALSE) -> 754 | K63: =VLOOKUP($F63,'seagrass biomass'!$G:$L,3,FALSE) -> 582 | L63: aveiro | M63: 100 | N63: AVEI2 281-300
A64: grid | B64: NG 29 | C64: natural | D64: -8.6786746 | E64: 40.692321 | F64: 2025120 | G64: 2025174 | H64: P7170168 | I64: bare | J64: =VLOOKUP($F64,'seagrass biomass'!$G:$L,2,FALSE) -> 12 | K64: =VLOOKUP($F64,'seagrass biomass'!$G:$L,3,FALSE) -> 118 | L64: aveiro | O64: gesampled door Loran, door Jim gemarkeerd als marsh
A65: grid | B65: NG 30 | C65: natural | D65: -8.6784701 | E65: 40.692744 | F65: 2025121 | G65: 2025161 | H65: P7170167 | I65: bare | J65: =VLOOKUP($F65,'seagrass biomass'!$G:$L,2,FALSE) -> 0 | K65: =VLOOKUP($F65,'seagrass biomass'!$G:$L,3,FALSE) -> 0 | L65: aveiro | M65: 0 | N65: AVI2 261-280
A66: random | B66: NR 52 | C66: natural | D66: -8.6785132 | E66: 40.692872 | F66: 2025122 | G66: 2025175 | H66: P7170166 | I66: seagrass | J66: =VLOOKUP($F66,'seagrass biomass'!$G:$L,2,FALSE) -> 2650 | K66: =VLOOKUP($F66,'seagrass biomass'!$G:$L,3,FALSE) -> 1147 | L66: aveiro | M66: 100 | N66: AVEI2 241-260
A67: grid | B67: NG 31 | C67: natural | D67: -8.6782657 | E67: 40.693166 | F67: 2025123 | G67: 2025173 | H67: P7170165 | I67: bare | J67: =VLOOKUP($F67,'seagrass biomass'!$G:$L,2,FALSE) -> 0 | K67: =VLOOKUP($F67,'seagrass biomass'!$G:$L,3,FALSE) -> 0 | L67: aveiro | M67: 0 | N67: AVEI2 221-240 | O67: sandy
A68: random | B68: NR 49 | C68: natural | D68: -8.6793569 | E68: 40.693139 | F68: 2025124 | G68: 2025186 | H68: P7170158 | I68: seagrass | J68: =VLOOKUP($F68,'seagrass biomass'!$G:$L,2,FALSE) -> 2564 | K68: =VLOOKUP($F68,'seagrass biomass'!$G:$L,3,FALSE) -> 2102 | L68: aveiro
A69: random | B69: NR 42 | C69: natural | D69: -8.6806003 | E69: 40.692889 | F69: 2025125 | G69: 2025167 | H69: P7170174 | I69: seagrass | J69: =VLOOKUP($F69,'seagrass biomass'!$G:$L,2,FALSE) -> 1891 | K69: =VLOOKUP($F69,'seagrass biomass'!$G:$L,3,FALSE) -> 891 | L69: aveiro
A70: grid | B70: NG 13 | C70: natural | D70: -8.6808959 | E70: 40.692943 | F70: 2025126 | G70: 15829 | H70: P7170177 | I70: seagrass | J70: =VLOOKUP($F70,'seagrass biomass'!$G:$L,2,FALSE) -> 2057 | K70: =VLOOKUP($F70,'seagrass biomass'!$G:$L,3,FALSE) -> 1686 | L70: aveiro
A71: random | B71: NR 39 | C71: natural | D71: -8.6807899 | E71: 40.693235 | F71: 2025127 | G71: 15831 | H71: P7170178 | I71: seagrass | J71: =VLOOKUP($F71,'seagrass biomass'!$G:$L,2,FALSE) -> 926 | K71: =VLOOKUP($F71,'seagrass biomass'!$G:$L,3,FALSE) -> 1187 | L71: aveiro
A72: grid | B72: NG 14 | C72: natural | D72: -8.6806915 | E72: 40.693366 | F72: 2025128 | G72: 15842 | H72: P7170179 | I72: seagrass | J72: =VLOOKUP($F72,'seagrass biomass'!$G:$L,2,FALSE) -> 2434 | K72: =VLOOKUP($F72,'seagrass biomass'!$G:$L,3,FALSE) -> 1076 | L72: aveiro
A73: grid | B73: NG 15 | C73: natural | D73: -8.6804871 | E73: 40.693789 | F73: 2025129 | G73: 15851 | H73: P7170180 | I73: seagrass | J73: =VLOOKUP($F73,'seagrass biomass'!$G:$L,2,FALSE) -> 1517 | K73: =VLOOKUP($F73,'seagrass biomass'!$G:$L,3,FALSE) -> 811 | L73: =VLOOKUP($F73,'seagrass biomass'!C:F,4,FALSE) -> NIOZ lab | M73: 100 | N73: AVEI2 401-419 | O73: AVEI2 341-360
A74: random | B74: NR 44 | C74: natural | D74: -8.6802182 | E74: 40.693896 | F74: 2025130 | G74: 15824 | H74: P7170181 | I74: bare | J74: =VLOOKUP($F74,'seagrass biomass'!$G:$L,2,FALSE) -> 0 | K74: =VLOOKUP($F74,'seagrass biomass'!$G:$L,3,FALSE) -> 125 | L74: aveiro | M74: 0 | N74: AVEI2 321-341 | O74: AVEI2 361-380
A75: grid | B75: NG 16 | C75: natural | D75: -8.6802827 | E75: 40.694211 | F75: 2025131 | G75: 15844 | H75: P7170182 | I75: seagrass | J75: =VLOOKUP($F75,'seagrass biomass'!$G:$L,2,FALSE) -> 1040 | K75: =VLOOKUP($F75,'seagrass biomass'!$G:$L,3,FALSE) -> 1642 | L75: =VLOOKUP($F75,'seagrass biomass'!C:F,4,FALSE) -> NIOZ lab | M75: 100 | N75: AVI2 381-400
A76: grid | B76: NG 12 | C76: natural | D76: -8.680838 | E76: 40.694367 | F76: 2025132 | G76: 15832 | H76: P7170183 | I76: seagrass | J76: =VLOOKUP($F76,'seagrass biomass'!$G:$L,2,FALSE) -> 821 | K76: =VLOOKUP($F76,'seagrass biomass'!$G:$L,3,FALSE) -> 561 | L76: aveiro | M76: 100 | N76: AVEI2 341-359 | O76: AVI2 401-420
A77: random | B77: NR 41 | C77: natural | D77: -8.6809415 | E77: 40.694133 | F77: 2025133 | G77: 15836 | H77: P7170184 | I77: seagrass | J77: =VLOOKUP($F77,'seagrass biomass'!$G:$L,2,FALSE) -> 951 | K77: =VLOOKUP($F77,'seagrass biomass'!$G:$L,3,FALSE) -> 573.5 | L77: aveiro
A78: random | B78: NR 37 | C78: natural | D78: -8.6811688 | E78: 40.693955 | F78: 2025134 | G78: 15837 | H78: P7170185 | I78: algae | J78: =VLOOKUP($F78,'seagrass biomass'!$G:$L,2,FALSE) -> 12 | K78: =VLOOKUP($F78,'seagrass biomass'!$G:$L,3,FALSE) -> 0 | L78: aveiro
A79: grid | B79: NG 11 | C79: natural | D79: -8.6810425 | E79: 40.693944 | F79: 2025135 | G79: 15825 | H79: P7170187 | I79: bare | J79: =VLOOKUP($F79,'seagrass biomass'!$G:$L,2,FALSE) -> 0 | K79: =VLOOKUP($F79,'seagrass biomass'!$G:$L,3,FALSE) -> 0 | L79: aveiro
A80: random | B80: NR 40 | C80: natural | D80: -8.6809818 | E80: 40.693614 | F80: 2025136 | G80: 15849 | H80: P7170188 | I80: seagrass | J80: =VLOOKUP($F80,'seagrass biomass'!$G:$L,2,FALSE) -> 1396 | K80: =VLOOKUP($F80,'seagrass biomass'!$G:$L,3,FALSE) -> 916 | L80: =VLOOKUP($F80,'seagrass biomass'!C:F,4,FALSE) -> NIOZ lab
A81: grid | B81: NG 10 | C81: natural | D81: -8.6812469 | E81: 40.693522 | F81: 2025137 | G81: 15850 | H81: P7170189 | I81: seagrass | J81: =VLOOKUP($F81,'seagrass biomass'!$G:$L,2,FALSE) -> 1476 | K81: =VLOOKUP($F81,'seagrass biomass'!$G:$L,3,FALSE) -> 1194 | L81: aveiro
A82: random | B82: NR 36 | C82: natural | D82: -8.6814588 | E82: 40.693564 | F82: 2025138 | G82: 15845 | H82: P7170190 | I82: seagrass | J82: =VLOOKUP($F82,'seagrass biomass'!$G:$L,2,FALSE) -> 1220 | K82: =VLOOKUP($F82,'seagrass biomass'!$G:$L,3,FALSE) -> 2529 | L82: aveiro
A83: grid | B83: NG 5 | C83: natural | D83: -8.6820066 | E83: 40.693254 | F83: 2025139 | G83: 15826 | H83: P7170191 | I83: seagrass | J83: =VLOOKUP($F83,'seagrass biomass'!$G:$L,2,FALSE) -> 780 | K83: =VLOOKUP($F83,'seagrass biomass'!$G:$L,3,FALSE) -> 557 | L83: =VLOOKUP($F83,'seagrass biomass'!C:F,4,FALSE) -> NIOZ lab
A84: grid | B84: NG 6 | C84: natural | D84: -8.6818022 | E84: 40.693677 | F84: 2025140 | G84: 15841 | H84: P7170192 | I84: seagrass | J84: =VLOOKUP($F84,'seagrass biomass'!$G:$L,2,FALSE) -> 1415 | K84: =VLOOKUP($F84,'seagrass biomass'!$G:$L,3,FALSE) -> 833 | L84: aveiro
A85: grid | B85: NG 7 | C85: natural | D85: -8.6815978 | E85: 40.6941 | F85: 2025141 | G85: 15830 | H85: P7170193 | I85: seagrass | J85: =VLOOKUP($F85,'seagrass biomass'!$G:$L,2,FALSE) -> 1552 | K85: =VLOOKUP($F85,'seagrass biomass'!$G:$L,3,FALSE) -> 561 | L85: aveiro
A86: grid | B86: NG 8 | C86: natural | D86: -8.6813934 | E86: 40.694523 | F86: 2025142 | G86: 15838 | H86: P7170194 | I86: seagrass | J86: =VLOOKUP($F86,'seagrass biomass'!$G:$L,2,FALSE) -> 2799 | K86: =VLOOKUP($F86,'seagrass biomass'!$G:$L,3,FALSE) -> 1299 | L86: aveiro
A87: grid | B87: RG 20 | C87: rewilded | D87: -8.6897567 | E87: 40.673429 | I87: marsh
A88: grid | B88: RG 26 | C88: rewilded | D88: -8.6900686 | E88: 40.67245 | I88: marsh
A89: grid | B89: RG 27 | C89: rewilded | D89: -8.6896867 | E89: 40.672794 | I89: marsh
A90: grid | B90: RG 28 | C90: rewilded | D90: -8.6893048 | E90: 40.673138 | I90: marsh
A91: grid | B91: RG 29 | C91: rewilded | D91: -8.688923 | E91: 40.673482 | I91: marsh
A92: grid | B92: RG 30 | C92: rewilded | D92: -8.6885411 | E92: 40.673826 | I92: marsh
A93: grid | B93: RG 32 | C93: rewilded | D93: -8.6877773 | E93: 40.674514 | I93: marsh
A94: random | B94: RR 33 | C94: rewilded | D94: -8.6914381 | E94: 40.673147 | I94: creek
A95: random | B95: RR 42 | C95: rewilded | D95: -8.6901232 | E95: 40.673422 | O95: accidentally skipped
A96: random | B96: RR 50 | C96: rewilded | D96: -8.6896642 | E96: 40.673417 | I96: marsh
A97: random | B97: RR 53 | C97: rewilded | D97: -8.6880517 | E97: 40.674508 | I97: marsh
A98: grid | B98: NG 9 | C98: natural | D98: -8.6814513 | E98: 40.693099 | I98: marsh
A99: random | B99: NR 38 | C99: natural | D99: -8.6811373 | E99: 40.69419 | I99: creek
A100: random | B100: NR 50 | C100: natural | D100: -8.6789565 | E100: 40.693785 | I100: marsh

Sheet seagrass biomass
A1: teller | B1: Code | C1: poskey | D1: AB | E1: dry weight (mg) | F1: remark | G1: Average of dry weight (mg) | H1: Column Labels | O1: Aveiro 07/2025
A2: 1 | B2: 10A | C2: 2025010 | D2: A | E2: 2797 | G2: Row Labels | H2: A | I2: B | J2: (blank) | K2: Grand Total | O2: Oven 48h at 60°C | R2: A = Above ground biomass
A3: 2 | B3: 10B | C3: 2025010 | D3: B | E3: 1048 | G3: 2025003 | H3: 315 | I3: 250 | K3: 282.5 | R3: B= Belowground biomass
A4: 3 | B4: 113AN | C4: 2025113 | D4: A | E4: 1876 | G4: 2025004 | H4: 42 | I4: 141 | K4: 91.5 | O4: Code | P4: dry weight (mg)
A5: 4 | B5: 113BN | C5: 2025113 | D5: B | E5: 608 | G5: 2025005 | H5: 2222 | I5: 939 | K5: 1580.5 | O5: 10A | P5: 2797 | R5: Seagrass leaves and Roots/Rhizomes
A6: 5 | B6: 115AN | C6: 2025115 | D6: A | E6: =3982-6.2 -> 3975.8 | G6: 2025006 | H6: 17 | I6: 0 | K6: 8.5 | O6: 10B | P6: 1048
A7: 6 | B7: 115BN | C7: 2025115 | D7: B | E7: 2080 | G7: 2025007 | H7: 0 | I7: 0 | K7: 0 | O7: 113AN | P7: 1876
A8: 7 | B8: 116AN | C8: 2025116 | D8: A | E8: 3531 | G8: 2025008 | H8: 2418 | I8: 1706 | K8: 2062 | O8: 113BN | P8: 608
A9: 8 | B9: 116BN | C9: 2025116 | D9: B | E9: 2364 | G9: 2025009 | H9: 1377 | I9: 1864 | K9: 1620.5 | O9: 115AN | P9: =3982-6.2 -> 3975.8
A10: 9 | B10: 117AN | C10: 2025117 | D10: A | E10: 750 | G10: 2025010 | H10: 2797 | I10: 1048 | K10: 1922.5 | O10: 115BN | P10: 2080
A11: 10 | B11: 117BN | C11: 2025117 | D11: B | E11: 345 | G11: 2025011 | H11: 3628 | I11: 977 | K11: 2302.5 | O11: 116AN | P11: 3531
A12: 11 | B12: 119A | C12: 2025119 | D12: A | E12: 754 | G12: 2025012 | H12: 0 | I12: 0 | K12: 0 | O12: 116BN | P12: 2364
A13: 12 | B13: 119B | C13: 2025119 | D13: B | E13: 582 | G13: 2025013 | H13: 1701 | I13: 1821 | K13: 1761 | O13: 117AN | P13: 750
A14: 13 | B14: 11A | C14: 2025011 | D14: A | E14: 3628 | G14: 2025014 | H14: 0 | I14: 0 | K14: 0 | O14: 117BN | P14: 345
A15: 14 | B15: 11B | C15: 2025011 | D15: B | E15: 977 | G15: 2025015 | H15: 31 | I15: 189 | K15: 110 | O15: 119A | P15: 754
A16: 15 | B16: 120AN | C16: 2025120 | D16: A | E16: 12 | G16: 2025016 | H16: 871 | I16: 401 | K16: 636 | O16: 119B | P16: 582
A17: 16 | B17: 120BN | C17: 2025120 | D17: B | E17: 118 | G17: 2025017 | H17: 994 | I17: 343 | K17: 668.5 | O17: 11A | P17: 3628
A18: 17 | B18: 121AN | C18: 2025121 | D18: A | E18: 0 | G18: 2025018 | H18: 2523 | I18: 1219 | K18: 1871 | O18: 11B | P18: 977
A19: 18 | B19: 121BN | C19: 2025121 | D19: B | E19: 0 | G19: 2025019 | H19: 2695 | I19: 1160 | K19: 1927.5 | O19: 120AN | P19: 12
A20: 19 | B20: 122AN | C20: 2025122 | D20: A | E20: 2650 | G20: 2025021 | H20: 933 | I20: 750 | K20: 841.5 | O20: 120BN | P20: 118
A21: 20 | B21: 122BN | C21: 2025122 | D21: B | E21: 1147 | G21: 2025022 | H21: 85 | I21: 719 | K21: 402 | O21: 121AN | P21: empty
A22: 21 | B22: 123AN | C22: 2025123 | D22: A | E22: 0 | G22: 2025023 | H22: 2790 | I22: 888 | K22: 1839 | O22: 121BN | P22: empty
A23: 22 | B23: 123BN | C23: 2025123 | D23: B | E23: 0 | G23: 2025024 | H23: 2113 | I23: 675 | K23: 1394 | O23: 122AN | P23: 2650
A24: 23 | B24: 124AN | C24: 2025124 | D24: A | E24: 2564 | G24: 2025025 | H24: 2171 | I24: 933 | K24: 1552 | O24: 122BN | P24: 1147
A25: 24 | B25: 124BN | C25: 2025124 | D25: B | E25: 2102 | G25: 2025026 | H25: 0 | I25: 0 | K25: 0 | O25: 123AN | P25: empty
A26: 25 | B26: 125AN | C26: 2025125 | D26: A | E26: 1891 | G26: 2025027 | H26: 39 | I26: 161 | K26: 100 | O26: 123BN | P26: empty
A27: 26 | B27: 125BN | C27: 2025125 | D27: B | E27: 891 | G27: 2025028 | H27: 2715 | I27: 1696 | K27: 2205.5 | O27: 124AN | P27: 2564
A28: 27 | B28: 126AN | C28: 2025126 | D28: A | E28: 2057 | G28: 2025029 | H28: 1294 | I28: 454 | K28: 874 | O28: 124BN | P28: 2102
A29: 28 | B29: 126BN | C29: 2025126 | D29: B | E29: 1686 | G29: 2025030 | H29: 228 | I29: 191 | K29: 209.5 | O29: 125AN | P29: 1891
A30: 29 | B30: 127AN | C30: 2025127 | D30: A | E30: 926 | G30: 2025031 | H30: 0 | I30: 0 | K30: 0 | O30: 125BN | P30: 891
A31: 30 | B31: 127BN | C31: 2025127 | D31: B | E31: 1187 | G31: 2025034 | H31: 0 | I31: 0 | K31: 0 | O31: 126AN | P31: 2057
A32: 31 | B32: 128AN | C32: 2025128 | D32: A | E32: 2434 | G32: 2025035 | H32: 206.02 | I32: 212.4 | K32: 209.21 | O32: 126BN | P32: 1686
A33: 32 | B33: 128BN | C33: 2025128 | D33: B | E33: 1076 | G33: 2025036 | H33: 645 | I33: 607 | K33: 626 | O33: 127AN | P33: 926
A34: 33 | B34: 12A | C34: 2025012 | D34: A | E34: 0 | G34: 2025037 | H34: 1871 | I34: 1585 | K34: 1728 | O34: 127BN | P34: 1187
A35: 34 | B35: 12B | C35: 2025012 | D35: B | E35: 0 | G35: 2025038 | H35: 1642 | I35: 1381 | K35: 1511.5 | O35: 128AN | P35: 2434
A36: 35 | B36: 130A | C36: 2025130 | D36: A | E36: 0 | G36: 2025040 | H36: 0 | I36: 0 | K36: 0 | O36: 128BN | P36: 1076
A37: 36 | B37: 130BN | C37: 2025130 | D37: B | E37: 125 | G37: 2025081 | H37: 2745 | I37: 1244 | K37: 1994.5 | O37: 12A | P37: empty
A38: 37 | B38: 132AN | C38: 2025132 | D38: A | E38: 821 | G38: 2025082 | H38: 400 | I38: 338 | K38: 369 | O38: 12B | P38: empty
A39: 38 | B39: 132BN | C39: 2025132 | D39: B | E39: 561 | G39: 2025084 | H39: 1514 | I39: 556 | K39: 1035 | O39: 130A | P39: empty
A40: 39 | B40: 133AN | C40: 2025133 | D40: A | E40: 951 | G40: 2025085 | H40: 2566 | I40: 1512 | K40: 2039 | O40: 130BN | P40: 125
A41: 40 | B41: 133BN | C41: 2025133 | D41: B | E41: =578-4.5 -> 573.5 | G41: 2025086 | H41: 3538 | I41: 2263 | K41: 2900.5 | O41: 132AN | P41: 821
A42: 41 | B42: 134AN | C42: 2025134 | D42: A | E42: 12 | G42: 2025087 | H42: 1780 | I42: 1728 | K42: 1754 | O42: 132BN | P42: 561
A43: 42 | B43: 134BN | C43: 2025134 | D43: B | E43: 0 | G43: 2025088 | H43: 3113 | I43: 899 | K43: 2006 | O43: 133AN | P43: 951
A44: 43 | B44: 137AN | C44: 2025137 | D44: A | E44: 1476 | G44: 2025089 | H44: 857 | I44: 705 | K44: 781 | O44: 133BN | P44: =578-4.5 -> 573.5
A45: 44 | B45: 137BN | C45: 2025137 | D45: B | E45: 1194 | G45: 2025091 | H45: 1230 | I45: 990 | K45: 1110 | O45: 134AN | P45: 12
A46: 45 | B46: 138AN | C46: 2025138 | D46: A | E46: 1220 | G46: 2025092 | H46: 992 | I46: 377 | K46: 684.5 | O46: 134BN | P46: empty
A47: 46 | B47: 138BN | C47: 2025138 | D47: B | E47: 2529 | G47: 2025093 | H47: 1076 | I47: 803 | K47: 939.5 | O47: 137AN | P47: 1476
A48: 47 | B48: 13A | C48: 2025013 | D48: A | E48: 1701 | G48: 2025113 | H48: 1876 | I48: 608 | K48: 1242 | O48: 137BN | P48: 1194
A49: 48 | B49: 13B | C49: 2025013 | D49: B | E49: 1821 | G49: 2025115 | H49: 3975.8 | I49: 2080 | K49: 3027.9 | O49: 138AN | P49: 1220
A50: 49 | B50: 140AN | C50: 2025140 | D50: A | E50: 1415 | G50: 2025116 | H50: 3531 | I50: 2364 | K50: 2947.5 | O50: 138BN | P50: 2529
A51: 50 | B51: 140BN | C51: 2025140 | D51: B | E51: 833 | G51: 2025117 | H51: 750 | I51: 345 | K51: 547.5 | O51: 13A | P51: 1701
A52: 51 | B52: 141AN | C52: 2025141 | D52: A | E52: 1552 | G52: 2025119 | H52: 754 | I52: 582 | K52: 668 | O52: 13B | P52: 1821
A53: 52 | B53: 141BN | C53: 2025141 | D53: B | E53: 561 | G53: 2025120 | H53: 12 | I53: 118 | K53: 65 | O53: 140AN | P53: 1415
A54: 53 | B54: 142AN | C54: 2025142 | D54: A | E54: 2799 | G54: 2025121 | H54: 0 | I54: 0 | K54: 0 | O54: 140BN | P54: 833
A55: 54 | B55: 142BN | C55: 2025142 | D55: B | E55: 1299 | G55: 2025122 | H55: 2650 | I55: 1147 | K55: 1898.5 | O55: 141AN | P55: 1552
A56: 55 | B56: 148AN | C56: 2025148 | D56: A | E56: 392 | G56: 2025123 | H56: 0 | I56: 0 | K56: 0 | O56: 141BN | P56: 561
A57: 56 | B57: 148BN | C57: 2025148 | D57: B | E57: 156 | G57: 2025124 | H57: 2564 | I57: 2102 | K57: 2333 | O57: 142AN | P57: 2799
A58: 57 | B58: 149AN | C58: 2025149 | D58: A | E58: 465 | G58: 2025125 | H58: 1891 | I58: 891 | K58: 1391 | O58: 142BN | P58: 1299
... A62: 61 | B62: 150AN | C62: 2025150 | D62: A | E62: 931 | G62: 2025130 | H62: 0 | I62: 125 | K62: 62.5 | O62: 149BN | P62: 1025
A63: 62 | B63: 150BN | C63: 2025150 | D63: B | E63: 712 | G63: 2025132 | H63: 821 | I63: 561 | K63: 691 | O63: 14A | P63: empty
A64: 63 | B64: 151AN | C64: 2025151 | D64: A | E64: 510 | G64: 2025133 | H64: 951 | I64: 573.5 | K64: 762.25 | O64: 14B | P64: empty
A65: 64 | B65: 151BN | C65: 2025151 | D65: B | E65: 557 | G65: 2025134 | H65: 12 | I65: 0 | K65: 6 | O65: 150AN | P65: 931
A66: 65 | B66: 15A | C66: 2025015 | D66: A | E66: 31 | G66: 2025137 | H66: 1476 | I66: 1194 | K66: 1335 | O66: 150BN | P66: 712
A67: 66 | B67: 15B | C67: 2025015 | D67: B | E67: 189 | G67: 2025138 | H67: 1220 | I67: 2529 | K67: 1874.5 | O67: 151AN | P67: 510
A68: 67 | B68: 16A | C68: 2025016 | D68: A | E68: =977-106 -> 871 | G68: 2025140 | H68: 1415 | I68: 833 | K68: 1124 | O68: 151BN | P68: 557
A69: 68 | B69: 16B | C69: 2025016 | D69: B | E69: 401 | G69: 2025141 | H69: 1552 | I69: 561 | K69: 1056.5 | O69: 15A | P69: 31
A70: 69 | B70: 17A | C70: 2025017 | D70: A | E70: 994 | G70: 2025142 | H70: 2799 | I70: 1299 | K70: 2049 | O70: 15B | P70: 189
A71: 70 | B71: 17B | C71: 2025017 | D71: B | E71: 343 | G71: 2025148 | H71: 392 | I71: 156 | K71: 274 | O71: 16A | P71: =977-106 -> 871
A72: 71 | B72: 18A | C72: 2025018 | D72: A | E72: 2523 | G72: 2025149 | H72: 465 | I72: 1025 | K72: 745 | O72: 16B | P72: 401
A73: 72 | B73: 18B | C73: 2025018 | D73: B | E73: 1219 | G73: 2025150 | H73: 931 | I73: 712 | K73: 821.5 | O73: 17A | P73: 994
A74: 73 | B74: 19A | C74: 2025019 | D74: A | E74: 2695 | G74: 2025151 | H74: 510 | I74: 557 | K74: 533.5 | O74: 17B | P74: 343
A75: 74 | B75: 19B | C75: 2025019 | D75: B | E75: 1160 | G75: (blank) | O75: 18A | P75: 2523
A76: 75 | B76: 21A | C76: 2025021 | D76: A | E76: 933 | G76: 2025032 | H76: 0 | I76: 0 | K76: 0 | O76: 18B | P76: 1219
A77: 76 | B77: 21B | C77: 2025021 | D77: B | E77: 750 | G77: 2025033 | H77: 0 | I77: 0 | K77: 0 | O77: 19A | P77: 2695
A78: 77 | B78: 22A | C78: 2025022 | D78: A | E78: 85 | G78: 2025001 | H78: 0 | I78: 0 | K78: 0 | O78: 19B | P78: 1160
A79: 78 | B79: 22B | C79: 2025022 | D79: B | E79: 719 | G79: 2025002 | H79: 0 | I79: 0 | K79: 0 | O79: 21A | P79: 933
A80: 79 | B80: 23A | C80: 2025023 | D80: A | E80: 2790 | G80: 2025020 | H80: 0 | I80: 0 | K80: 0 | O80: 21B | P80: 750
A81: 80 | B81: 23B | C81: 2025023 | D81: B | E81: 888 | G81: 2025039 | H81: 0 | I81: 0 | K81: 0 | O81: 22A | P81: 85
A82: 81 | B82: 24A | C82: 2025024 | D82: A | E82: 2113 | G82: 2025114 | H82: 0 | I82: 0 | K82: 0 | O82: 22B | P82: 719
A83: 82 | B83: 24B | C83: 2025024 | D83: B | E83: 675 | G83: 2025135 | H83: 0 | I83: 0 | K83: 0 | O83: 23A | P83: 2790
A84: 83 | B84: 25A | C84: 2025025 | D84: A | E84: =2237-66 -> 2171 | G84: 2025131 | H84: 1040 | I84: 1642 | K84: 1341 | O84: 23B | P84: 888
A85: 84 | B85: 25B | C85: 2025025 | D85: B | E85: =951-18 -> 933 | G85: 2025136 | H85: 1396 | I85: 916 | K85: 1156 | O85: 24A | P85: 2113
A86: 85 | B86: 26A | C86: 2025026 | D86: A | E86: 0 | G86: 2025111 | H86: 1483 | I86: 770 | K86: 1126.5 | O86: 24B | P86: 675
A87: 86 | B87: 26B | C87: 2025026 | D87: B | E87: 0 | G87: 2025139 | H87: 780 | I87: 557 | K87: 668.5 | O87: 25A | P87: =2237-66 -> 2171
A88: 87 | B88: 27A | C88: 2025027 | D88: A | E88: 39 | G88: 2025129 | H88: 1517 | I88: 811 | K88: 1164 | O88: 25B | P88: =951-18 -> 933
A89: 88 | B89: 27B | C89: 2025027 | D89: B | E89: 161 | G89: 2025112 | H89: 718 | I89: 512 | K89: 615 | O89: 26A | P89: empty
A90: 89 | B90: 28A | C90: 2025028 | D90: A | E90: 2715 | G90: 2025090 | H90: 1103 | I90: 813 | K90: 958 | O90: 26B | P90: empty
A91: 90 | B91: 28B | C91: 2025028 | D91: B | E91: 1696 | G91: 2025083 | H91: 717 | I91: 835 | K91: 776 | O91: 27A | P91: 39
A92: 91 | B92: 29A | C92: 2025029 | D92: A | E92: 1294 | G92: 2025118 | H92: 1378 | I92: 929 | K92: 1153.5 | O92: 27B | P92: 161
A93: 92 | B93: 29B | C93: 2025029 | D93: B | E93: 454 | G93: Grand Total | H93: 1171.5822 | I93: 739.57191 | K93: 955.57708 | O93: 28A | P93: 2715
A94: 93 | B94: 30A | C94: 2025030 | D94: A | E94: 228 | O94: 28B | P94: 1696
A95: 94 | B95: 30B | C95: 2025030 | D95: B | E95: 191 | O95: 29A | P95: 1294
A96: 95 | B96: 31A | C96: 2025031 | D96: A | E96: 0 | O96: 29B | P96: 454
A97: 96 | B97: 31B | C97: 2025031 | D97: B | E97: 0 | O97: 30A | P97: 228
A98: 97 | B98: 34A | C98: 2025034 | D98: A | E98: 0 | O98: 30B | P98: 191
A99: 98 | B99: 34B | C99: 2025034 | D99: B | E99: 0 | O99: 31A | P99: empty
A100: 99 | B100: 35A | C100: 2025035 | D100: A | E100: =209-(2.14+0.84) -> 206.02 | O100: 31B | P100: empty
A101: 100 | B101: 35B | C101: 2025035 | D101: B | E101: =248-35.6 -> 212.4 | O101: 34A | P101: empty
A102: 101 | B102: 36A | C102: 2025036 | D102: A | E102: 645 | O102: 34B | P102: empty
A103: 102 | B103: 36B | C103: 2025036 | D103: B | E103: 607 | O103: 35A | P103: =209-(0.84+2.14) -> 206.02
...

Sheet Feuil3
